{
  "class_0": 0.5333333333333333,
  "class_1": 0.9444444444444444,
  "class_2": 0.5777777777777777,
  "class_3": 0.8888888888888888,
  "class_4": 0.7111111111111111,
  "class_5": 1.0,
  "class_6": 0.9555555555555556
}