{
  "class_0": 0.6333333333333333,
  "class_1": 0.9444444444444444,
  "class_2": 0.8111111111111111,
  "class_3": 0.9111111111111111,
  "class_4": 0.7666666666666667,
  "class_5": 1.0,
  "class_6": 0.9666666666666667
}